Rank,Name,Industry,Revenue (USD millions),Revenue growth,Employees,Headquarters
1,Walmart,Retail,680985,5.1%,2100000,"Bentonville, Arkansas"
2,Amazon,Retail and cloud computing,637959,11.0%,1556000,"Seattle, Washington"
3,UnitedHealth Group,Healthcare,400278,7.7%,400000,"Minnetonka, Minnesota"
4,Apple,Technology,391035,2.0%,164000,"Cupertino, California"
5,CVS Health,Healthcare,372809,4.2%,259500,"Woonsocket, Rhode Island"
6,Berkshire Hathaway,Conglomerate,371433,1.9%,392400,"Omaha, Nebraska"
7,Alphabet,Technology and cloud computing,350018,13.9%,183323,"Mountain View, California"
8,Exxon Mobil,Petroleum industry,349595,1.5%,60900,"Spring, Texas"
9,McKesson Corporation,Healthcare,308951,11.7%,48000,"Irving, Texas"
10,Cencora,Pharmacy wholesale,293959,12.1%,44000,"Conshohocken, Pennsylvania"
11,JPMorgan Chase,Financials,278906,16.5%,317233,"New York City, New York"
12,Costco Wholesale,Retail,254453,5.0%,333000,"Issaquah, Washington"
13,Cigna,Health insurance,247121,26.6%,72398,"Bloomfield, Connecticut"
14,Microsoft,Technology and cloud computing,245122,15.7%,228000,"Redmond, Washington"
15,Cardinal Health,Healthcare,226827,10.6%,48411,"Dublin, Ohio"
16,Chevron,Petroleum industry,202792,0.9%,45298,"Houston, Texas"
17,Bank of America,Financials,192434,11.9%,213193,"Charlotte, North Carolina"
18,General Motors,Automotive industry,187442,9.1%,162000,"Detroit, Michigan"
19,Ford Motor,Automotive industry,184992,5.0%,171000,"Dearborn, Michigan"
20,Elevance Health,Healthcare,177011,3.3%,103679,"Indianapolis, Indiana"
21,Citigroup,Financials,170757,8.9%,227855,"New York City, New York"
22,Meta Platforms,Technology,164501,21.9%,74067,"Menlo Park, California"
23,Centene,Healthcare,163071,5.9%,60500,"St. Louis, Missouri"
24,Home Depot,Retail,159514,4.5%,470100,"Atlanta, Georgia"
25,Fannie Mae,Financials,152670,8.1%,8200,"Washington, D.C."
26,Walgreens Boots Alliance,Pharmaceutical industry,147658,6.2%,252500,"Deerfield, Illinois"
27,Kroger,Retail,147123,-1.9%,409000,"Cincinnati, Ohio"
28,Phillips 66,Petroleum industry,145496,-2.9%,13200,"Houston, Texas"
29,Marathon Petroleum,Petroleum industry,140412,-6.6%,18300,"Findlay, Ohio"
30,Verizon Communications,Telecommunications,134788,0.6%,99600,"New York City, New York"
31,Nvidia,Technology,130497,114.2%,36000,"Santa Clara, California"
32,Goldman Sachs Group,Financials,126853,17.0%,46500,"New York City, New York"
33,Wells Fargo,Financials,125397,8.7%,217502,"San Francisco, California"
34,Valero Energy,Petroleum industry,123974,-10.8%,9910,"San Antonio, Texas"
35,Comcast,Telecommunications,123731,1.8%,182000,"Philadelphia, Pennsylvania"
36,State Farm Insurance,Financials,122951,18.0%,67381,"Bloomington, Illinois"
37,AT&T,Conglomerate and telecommunications,122336,-0.1%,140990,"Dallas, Texas"
38,Freddie Mac,Financials,122052,13.0%,8090,"McLean, Virginia"
39,Humana,Health insurance,117761,10.7%,65680,"Louisville, Kentucky"
40,Morgan Stanley,Financials,107285,11.5%,80478,"New York City, New York"
41,Target,Retail,106566,-0.8%,440000,"Minneapolis, Minnesota"
42,StoneX Group,Financials,99888,64.1%,4500,"New York City, New York"
43,Tesla,Automotive and energy,97690,0.9%,125665,"Austin, Texas"
44,Dell Technologies,Technology,95567,8.1%,108000,"Round Rock, Texas"
45,PepsiCo,Beverage,91854,0.4%,319000,"Purchase, New York"
46,Walt Disney,Media,91361,2.8%,205040,"Burbank, California"
47,United Parcel Service,Transportation,91070,0.1%,372180,"Atlanta, Georgia"
48,Johnson & Johnson,Pharmaceutical industry,88821,-6.7%,138100,"New Brunswick, New Jersey"
49,FedEx,Transportation,87693,-2.7%,422100,"Memphis, Tennessee"
50,Archer Daniels Midland,Food industry,85530,-8.9%,43213,"Chicago, Illinois"
51,Procter & Gamble,Consumer products manufacturing,84039,2.5%,108000,"Cincinnati, Ohio"
52,Lowe's,Retail,83674,-3.1%,215500,"Mooresville, North Carolina"
53,Energy Transfer Partners,Petroleum industry,82671,5.2%,16248,"Dallas, Texas"
54,RTX,Aerospace and defense,80739,17.1%,186000,"Arlington County, Virginia"
55,Albertsons,Retail,79238,2.0%,196650,"Boise, Idaho"
56,Sysco,Food processing,78844,3.3%,76000,"Houston, Texas"
57,Progressive,Insurance,75372,21.4%,66308,"Mayfield Village, Ohio"
58,American Express,Financials,74201,10.1%,75100,"New York City, New York"
59,Lockheed Martin,Aerospace and defense,71043,5.1%,121000,"Bethesda, Maryland"
60,MetLife,Financials,70986,6.1%,45000,"New York City, New York"
61,HCA Healthcare,Healthcare,70603,8.7%,271000,"Nashville, Tennessee"
62,Prudential Financial,Financials,70405,30.4%,37936,"Newark, New Jersey"
63,Boeing,Aerospace and defense,66517,-14.5%,172000,"Arlington County, Virginia"
64,Caterpillar,Machinery,64809,-3.4%,112900,"Irving, Texas"
65,Merck,Pharmaceutical industry,64168,6.7%,74000,"Kenilworth, New Jersey"
66,Allstate,Insurance,64106,12.3%,55200,"Northfield Township, Cook County, Illinois"
67,Pfizer,Pharmaceutical industry,63627,8.8%,81000,"New York City, New York"
68,IBM,Technology and cloud computing,62753,1.4%,284500,"Armonk, New York"
69,New York Life Insurance Company,Insurance,62639,15.3%,15131,"New York City, New York"
70,Delta Air Lines,Airline,61643,6.2%,103000,"Atlanta, Georgia"
71,Publix Super Markets,Retail,60177,4.6%,255000,"Lakeland, Florida"
72,Nationwide Mutual Insurance Company,Financials,58646,7.4%,22453,"Columbus, Ohio"
73,TD Synnex,Information Technology,58452,1.6%,25750,"Clearwater, Florida"
74,United Airlines Holdings,Airline,57063,6.2%,107300,"Chicago, Illinois"
75,ConocoPhillips,Petroleum industry,56953,-2.8%,11800,"Houston, Texas"
76,TJX,Retail,56360,4.0%,364000,"Framingham, Massachusetts"
77,AbbVie,Pharmaceutical industry,56334,3.7%,55000,"Lake Bluff, Illinois"
78,Enterprise Products Partners,Petroleum industry,56219,13.1%,7800,"Houston, Texas"
79,Charter Communications,Telecommunications,55085,0.9%,94500,"Stamford, Connecticut"
80,Performance Food Group,Food processing,54681,2.5%,36815,"Richmond, Virginia"
81,American Airlines Group,Airline,54211,2.7%,133300,"Fort Worth, Texas"
82,Capital One Financial,Financials,53938,9.0%,52600,"Tysons, Virginia"
83,Cisco Systems,Telecom hardware manufacturing,53803,-5.6%,90400,"San Jose, California"
84,HP,Technology,53559,-0.3%,58000,"Palo Alto, California"
85,Tyson Foods,Food processing,53309,0.8%,138000,"Springdale, Arkansas"
86,Intel,Technology,53101,-2.1%,108900,"Santa Clara, California"
87,Oracle,Technology,52961,6.0%,159000,"Austin, Texas"
88,Broadcom,Technology,52432,46.4%,37000,"Palo Alto, California"
89,Deere,Agriculture manufacturing,51716,-15.6%,55524,"Moline, Illinois"
90,Nike,Apparel,51361,0.3%,78400,"Beaverton, Oregon"
91,Liberty Mutual Insurance Group,Insurance,50429,-4.1%,40000,"Boston, Massachusetts"
92,Plains GP Holdings,Petroleum industry,50073,2.8%,4200,"Houston, Texas"
93,USAA,Insurance,48560,14.3%,38018,"San Antonio, Texas"
94,Bristol-Myers Squibb,Pharmaceutical industry,48300,7.3%,34100,"New York City, New York"
95,Ingram Micro Holding,Technology,47984,-0.1%,26125,"Irvine, California"
96,General Dynamics,Aerospace and defense,47716,12.9%,117000,"Reston, Virginia"
97,Coca-Cola,Beverage,47061,2.9%,69700,"Atlanta, Georgia"
98,TIAA,Financials,46946,2.6%,15623,"New York City, New York"
99,Travelers,Insurance,46423,12.2%,34000,"New York City, New York"
100,Eli Lilly,Pharmaceutical industry,45043,32.0%,47000,"Indianapolis, Indiana"
